category,vendor,dataset_path,source_path,size_bytes,sha256
01-client-mr-rfq,,01-client-mr-rfq/00 MOM 20241111 ASTRA ADPOWER.pdf,data/procurement-data/ADPOWER/00 MOM 20241111 ASTRA ADPOWER.pdf,513044,c04116af4e32ee57086625204f50ee5a5d8f448c6eac10f4831b5a6c7e1a19b1
01-client-mr-rfq,,01-client-mr-rfq/ADN-AEC-ME-SPC-026 MR Gas Genset Superseded with MOM 20241111.pdf,data/procurement-data/ADPOWER/ADN-AEC-ME-SPC-026 MR Gas Genset Superseded with MOM 20241111.pdf,685638,f070662433aba97735c558d5562a07ff754a0c68f52322ec3b8a70c9f1a27d49
01-client-mr-rfq,,01-client-mr-rfq/ADN-AEC-ME-SPC-026 MR Gas Genset copy.pdf,data/procurement-data/ADPOWER/ADN-AEC-ME-SPC-026 MR Gas Genset copy.pdf,1502868,b0dcb35a062541ff1a4efdbc82b42f07005f0637c07c5e590ef253a1438243d6
01-client-mr-rfq,,01-client-mr-rfq/Copy of ADN-AEC-ME-SPC-026_MR_Gas_Genset.xlsx,data/procurement-data/MKON/Copy of ADN-AEC-ME-SPC-026_MR_Gas_Genset.xlsx,281373,ca728f19272d78c2ac7d2821dfab837d8e55451e7d39d752312393824c1d79f6
01-client-mr-rfq,,01-client-mr-rfq/DOD-30201-50150-BH-000-16-00-004 DataSheet Gas Generator.xlsx,data/procurement-data/MKON/DOD-30201-50150-BH-000-16-00-004 DataSheet Gas Generator.xlsx,106309,90b0e60b82a68a889109c3313955c8bf3052f712e18925e06f51d30d85a92e35
02-vendor-bids,ADPOWER,02-vendor-bids/ADPOWER/ADP-13158-2024-935(Rev1).pdf,data/procurement-data/ADPOWER/ADP-13158-2024-935(Rev1).pdf,1367254,bff184b17fc7635f8ea4e9c25d589f54f2750a00d56680d3350270376ed8c865
02-vendor-bids,ADPOWER,02-vendor-bids/ADPOWER/ADP-13158-2024-935.pdf,data/procurement-data/ADPOWER/ADP-13158-2024-935.pdf,1363839,e9cbe6982afe51cba73e2bfe9bdd11abdeac89a3d7ed91a20a3ded553d29b27d
02-vendor-bids,ADPOWER,02-vendor-bids/ADPOWER/BOM.pdf,data/procurement-data/ADPOWER/BOM.pdf,23161,898118601ab6812f6c7de7c001cf3d0c36e560215aea0a1a7a529b3b73087f71
02-vendor-bids,AESL,02-vendor-bids/AESL/Techno Commercial proposal AESL-GTC-60808 - 22102024 -REV00.pdf,data/procurement-data/AESL/Techno Commercial proposal AESL-GTC-60808 - 22102024 -REV00.pdf,3954575,a62abc6b1a10aca4b5e7a4542f5869cc23681de0037a0d3a11650a895f63eb72
02-vendor-bids,KERUI,02-vendor-bids/KERUI/01 DOD-30201-50150-BH-000-16-00-004 DataSheet Gas Generator.pdf,data/procurement-data/KERUI/01 DOD-30201-50150-BH-000-16-00-004 DataSheet Gas Generator.pdf,1992706,e87371f6d7b7d2e87251892c110ec4a5b3a5c027e9dc1a31fe0dcfd6d6c73fac
02-vendor-bids,KERUI,02-vendor-bids/KERUI/02 Detailed Vendor Standard Datasheet of all components.pdf,data/procurement-data/KERUI/02 Detailed Vendor Standard Datasheet of all components.pdf,2155150,0e60e1474799f439b6d761c54ec0fddd17d58160e75978e54833147e4ff5dee2
02-vendor-bids,KERUI,02-vendor-bids/KERUI/03 Attachment-2 Vendor Deviation Form.pdf,data/procurement-data/KERUI/03 Attachment-2 Vendor Deviation Form.pdf,1142749,dd605e6b3f46c6f211961b7a1fb245de44411a9bbca7447f29bf28031f1804c4
02-vendor-bids,KERUI,02-vendor-bids/KERUI/04 Consumption List.pdf,data/procurement-data/KERUI/04 Consumption List.pdf,16352,b2f096056a8d5a5afadbf2bc1086a1552e0cd042a095d203d02d8bee49953b12
02-vendor-bids,KERUI,"02-vendor-bids/KERUI/05 Equipment List,Vendor & Sub-Vendor List with port of origin.pdf","data/procurement-data/KERUI/05 Equipment List,Vendor & Sub-Vendor List with port of origin.pdf",1335769,38461b58e029abf2831c9943544b4eaa0ec82b220e79ebfde7f413d4683d1a2c
02-vendor-bids,KERUI,02-vendor-bids/KERUI/06 Operation Special tools.pdf,data/procurement-data/KERUI/06 Operation Special tools.pdf,17858,5ca575e2d55576b15bc9ee34ea483d4f8074c0fab7e80aa0029a04e07c74817f
02-vendor-bids,KERUI,02-vendor-bids/KERUI/07 Power Auxiliary List.pdf,data/procurement-data/KERUI/07 Power Auxiliary List.pdf,64267,a633d3bd376ed78bcd75bd0be4d492d00a9e57e6d6529cea40432426002fb97b
02-vendor-bids,KERUI,02-vendor-bids/KERUI/08 Two Years Operation Spares.pdf,data/procurement-data/KERUI/08 Two Years Operation Spares.pdf,68085,df6e1612e6b0b29df0d1ee7d303ea053f649a96cd3e90ee6371b5117ce8d0d1d
02-vendor-bids,KERUI,02-vendor-bids/KERUI/09 Attachment-1 International Codes and Standards Pending.pdf,data/procurement-data/KERUI/09 Attachment-1 International Codes and Standards Pending.pdf,1506506,008802285156008626d8b910c4972ab77b300cea941357d81f713463926b84c3
02-vendor-bids,KERUI,02-vendor-bids/KERUI/10 Attachment-3 Synchronization Pending.pdf,data/procurement-data/KERUI/10 Attachment-3 Synchronization Pending.pdf,1335512,e70f2e7d58aa615addf5a7b908d27da31b34b4022b250987751bfa6abf2559e7
02-vendor-bids,KERUI,02-vendor-bids/KERUI/11 Attachment-4 Applicable Codes and Standards Pending.pdf,data/procurement-data/KERUI/11 Attachment-4 Applicable Codes and Standards Pending.pdf,4017756,ace16a002360f34d24bb59516976cf2dc2f60a993cab79c51a501909231d1271
02-vendor-bids,KERUI,02-vendor-bids/KERUI/12 Attachment-4 Vendor Documents List Pending.pdf,data/procurement-data/KERUI/12 Attachment-4 Vendor Documents List Pending.pdf,97391,e88caf895d9266f2b1758f87fdfa97a5c3c350679ab07f6abb0b3ff7c32ca510
02-vendor-bids,KERUI,02-vendor-bids/KERUI/13 Gas Generator PID Commented.pdf,data/procurement-data/KERUI/13 Gas Generator PID Commented.pdf,3799782,4afe217d2a68aca852bc129137306549a9d38121472b0aaa0bc17a24124e876a
02-vendor-bids,KERUI,02-vendor-bids/KERUI/15 LAYOUT - KGW550GF-T.pdf,data/procurement-data/KERUI/15 LAYOUT - KGW550GF-T.pdf,3326350,36bb60cc779ff01bd40da385818db5753b87da8b132b282b1908871031b95f81
02-vendor-bids,KERUI,02-vendor-bids/KERUI/16 Outline Diagram Generator Set.pdf,data/procurement-data/KERUI/16 Outline Diagram Generator Set.pdf,1727238,75ab36050a1c43f9146ebf5389521e64b7345966e4cbb35c7e07df51414e7923
02-vendor-bids,KERUI,02-vendor-bids/KERUI/17 Outline Diagrams && General Arrangement Diagrams(1).pdf,data/procurement-data/KERUI/17 Outline Diagrams && General Arrangement Diagrams(1).pdf,4767284,3614f0b21b9179728ef42f3e6fa4b694f157c5b8ff15728c91346888402b7dc3
02-vendor-bids,KERUI,02-vendor-bids/KERUI/18 Name Plate drawings.pdf,data/procurement-data/KERUI/18 Name Plate drawings.pdf,1597418,6ec26509d524fe5dd0739cbf00feb2e6110d0a9d59640230fc91242b1cdfc9bb
02-vendor-bids,KERUI,02-vendor-bids/KERUI/20 Single Line Diagrams.pdf,data/procurement-data/KERUI/20 Single Line Diagrams.pdf,1712145,6d4ee0a62cdb7852076aabe79dc4e82554ea57eff6b6d84cc2dc7dbe2b2d4816
02-vendor-bids,KERUI,02-vendor-bids/KERUI/21 System Architecture.pdf,data/procurement-data/KERUI/21 System Architecture.pdf,1549181,1eff31b93325540b4ce6cd604ab78025ed2a5e228e2c80dba7b2cb5033b89212
02-vendor-bids,KERUI,02-vendor-bids/KERUI/Attachment-1 DataSheet Gas Generator commented.pdf,data/procurement-data/KERUI/Attachment-1 DataSheet Gas Generator commented.pdf,874904,9f649c4c30e11da88bb67b42d5acc4b6a3ace3b41e85a948d124537d5d57bccd
02-vendor-bids,KERUI,02-vendor-bids/KERUI/Quotation of Gas Generator ZDG2024110701.pdf,data/procurement-data/KERUI/Quotation of Gas Generator ZDG2024110701.pdf,112149,0b6bd5281e89e61ba5fc7492827ca77ca9836d917fa56dbeac379ea852c2139c
02-vendor-bids,MKON,02-vendor-bids/MKON/2011 gas quality for MAN gas engines with MAN aftertreatment system.pdf,data/procurement-data/MKON/2011 gas quality for MAN gas engines with MAN aftertreatment system.pdf,34766,43ecdcf737a7e769d82510e4f36aa768b354e4d3ff7a1c3fcb5aac5320f01576
02-vendor-bids,MKON,02-vendor-bids/MKON/Attachment-2 Vendor Deviation Form.pdf,data/procurement-data/MKON/Attachment-2 Vendor Deviation Form.pdf,375099,0fd1091226b3dbff87b7fe00c040c40bf23406989d302c2479918c4e5396509a
02-vendor-bids,MKON,02-vendor-bids/MKON/Attachment-3 Synchronization.pdf,data/procurement-data/MKON/Attachment-3 Synchronization.pdf,193044,84383f6a2e27bd0ba465e0c80e6f7ca6ea1830dff72250d299d3d5520049a4a2
02-vendor-bids,MKON,02-vendor-bids/MKON/Attachment-7 Load List.pdf,data/procurement-data/MKON/Attachment-7 Load List.pdf,290750,8d96d2ff656fd12c8463e33ef68b45d7d22f48fcd8e1627bea8ab7abf4183bde
02-vendor-bids,MKON,02-vendor-bids/MKON/HSD 230.pdf,data/procurement-data/MKON/HSD 230.pdf,144692,852465ec53b6ec5ada410ebc4385f142eed258d9c5124d46f0bb1139703158f7
02-vendor-bids,MKON,02-vendor-bids/MKON/Quotation-MKON.pdf,data/procurement-data/MKON/Quotation-MKON.pdf,262840,9173e630a29e7fe2ae0de24c001733efa4685d18fb5c2b3444b42191c59319c1
03-evaluation,,03-evaluation/Comparative Statement (CS) - Gas Generators [Rev.2].xlsx,data/procurement-data/Comparative Statement (CS) - Gas Generators [Rev.2].xlsx,39659,59a2325b2de38e89c7759ffe5a8b4bbe2de0443d23cedd7869cf84bc1c7798b8
